<?xml version="1.0" encoding="UTF-8"?>
<?xml-stylesheet type="text/css" href="http://www.rilm.info/ft/css/tei_dmeh.css"?>
<TEI xmlns="http://www.tei-c.org/ns/1.0" xmlns:xsi="http://www.w3.org/2001/XMLSchema-instance" xsi:schemaLocation="http://www.tei-c.org/ns/1.0 http://rilm.info/ft/schema/working/tei_rilm.xsd">
	<teiHeader xml:lang="en">
		<fileDesc>
			<titleStmt>
				<title>Blasco, Eusebio</title>
				<respStmt>
					<resp>Encoded by</resp>
					<orgName>Aptara, Inc.</orgName>
				</respStmt>
			</titleStmt>
			<publicationStmt>
				<publisher>Sociedad General de Autores y Editores</publisher>
				<pubPlace>Madrid</pubPlace>
				<publisher>Instituto Complutense de Ciencias Musicales</publisher>
				<pubPlace>Madrid</pubPlace>
				<distributor>Répertoire International de Littérature Musicale</distributor>
			</publicationStmt>
			<sourceDesc>
				<biblStruct>
					<monogr>
				<title>Diccionario de la música española e hispanoamericana</title>
						<editor>
							<forename/>
							<surname/>
						</editor>
						<imprint>
							<publisher>Sociedad General de Autores y Editores</publisher>
							<pubPlace>[Madrid]</pubPlace>
							<date>1999</date>
						</imprint>
						<biblScope unit="vol">4</biblScope>
						<biblScope unit="col" from="524">524</biblScope>
						<biblScope unit="col" to="525">525</biblScope>
					</monogr>
				</biblStruct>
			</sourceDesc>
		</fileDesc>
		<encodingDesc>
			<editorialDecl>
				<normalization>
					<p>Some abbrevations have been replaced by unabbrevated terms.</p>
				</normalization>
				<quotation marks="none">
					<p>No quotation marks have been used. Instead the &lt;q&gt; and &lt;quote&gt; elements are used. Single quotes are indicated with an @type attribute on those elements.</p>
				</quotation>
				<hyphenation eol="some">
					<p>End-of-line hyphenation silently removed where appropriate</p>
				</hyphenation>
			</editorialDecl>
			<appInfo>
				<application ident="oXygenXMLEditor" version="14.1" notAfter="2014-03-04">
					<label>oXygen XML Editor</label>
				</application>
			</appInfo>
		</encodingDesc>
		<profileDesc>
			<langUsage>
				<language ident="es">Spanish</language>
			</langUsage>
		</profileDesc>
		<revisionDesc>
			<listChange>
				<change when="2015-03-04" status="created"/>
			</listChange>
		</revisionDesc>
	</teiHeader>
	<text xml:id="meh00012" type="person" xml:lang="es">
		<body>
			<div type="one-section" xml:id="d1">
				<p xml:id="p1"><rilmPerson xml:id="r1"><persName><surname>Blasco</surname>, <forename>Eusebio</forename>.</persName> <birth><placeName>Zaragoza</placeName>, <date when="1844" when-custom="1844">1844</date></birth>; <death><placeName>Madrid</placeName>, <date when="1903" when-custom="1903">1903</date></death>. <occupation>Libretista</occupation>.</rilmPerson> Escritor de fácil ingenio y aguda sátira. Hizo sus primeros ensayos literarios en la publicación <hi rend="italic">La Juventud</hi>, de Zaragoza. En esta misma ciudad estrenó su primera obra, <hi rend="italic">Vidas ajenas</hi>, 1862, a la que siguió <hi rend="italic">La niñez engañosa,</hi> y allí tomó la decisión de abandonar la arquitectura por el teatro. Al perder a sus padres se trasladó a Madrid y comenzó a colaborar en el periódico <hi rend="italic">Gil Blas</hi>, y posteriormente ocupó una plaza de redactor en <hi rend="italic">La Discusión</hi>. Colaboró activamente en los periódicos y revistas madrileños, hasta fundar en 1898 <hi rend="italic">Vida Nueva</hi>, que dirigió durante un año y en la que colaboraban Pérez Galdós, Campoamor, Ganivet y los modernistas Rubén Darío, Valle-Inclán o Martínez Sierra. Escribió poesía, drama, comedia e inmunerables artículos durante los 45 años que ejerció el periodismo. Participó activamente en los sucesos políticos del momento, viéndose obligado a emigrar en 1866 para regresar a España en 1868.</p>
				<figure xml:id="f1">
					<graphic url="meh00012-f1.png"/>
				<p xml:id="p2"><hi rend="italic">Eusebio Blasco (</hi>El Teatro, <hi rend="italic">1904)</hi></p>
				</figure>
				<p xml:id="p3">En 1866 facilitó a José Rogel el libreto de <hi rend="italic">El joven Telémaco</hi>, para inaugurar los que luego habían de ser famosos Bufos Arderius o de Madrid, promocionados por el popular actor Francisco Arderius, que imitó a los bufos franceses. El género implantado por estos autores, género bufo, hizo furor durante una década, y <hi rend="italic">El joven Telémaco</hi> fue uno de esos éxitos que se cuentan como fabulosos. Después, Blasco proporcionó muchos otros libretos.</p>
			</div>
			<div type="works" xml:id="d2">
				<head>OBRAS</head>
			<div type="section" xml:id="d3">
				<head>Comedia musical:</head>
				<list>
					<item><bibl xml:id="b1"><title>Las manzanas de oro</title>, M, E. Arrieta, <date>1873</date></bibl>.</item>
				</list>
			</div>
			<div type="section" xml:id="d4">
				<head>Cuento:</head>
				<list>
					<item><bibl xml:id="b2"><title>La suegra del diablo</title>, M, E. Arrieta, <date>1867</date></bibl>.</item>
				</list>
			</div>
			<div type="section" xml:id="d5">
				<head><pb n="525"/>Drama burlesco:</head>
				<list>
					<item><bibl xml:id="b3"><title>Los novios de Teruel</title>, M, E. Arrieta, <date>1867</date></bibl>.</item>
				</list>
			</div>
			<div type="section" xml:id="d6">
				<head>Juicio:</head>
				<list>
					<item><bibl xml:id="b4"><title>¡A la humanidad doliente!</title>, M, E. Arrieta, <date>1868</date></bibl>.</item>
				</list>
			</div>
			<div type="section" xml:id="d7">
				<head>Loa:</head>
				<list>
					<item><bibl xml:id="b5"><title>Tanto corre como vuela</title>, M, J. Rogel, <date>1866</date></bibl>.</item>
				</list>
			</div>
			<div type="section" xml:id="d8">
				<head>Opereta:</head>
				<list>
					<item><bibl xml:id="b6"><title>Dolor de cabeza</title>, M, adap. de Offenbach</bibl>.</item>
				</list>
			</div>
			<div type="section" xml:id="d9">
				<head>Pasaje mitológico:</head>
				<list>
					<item><bibl xml:id="b7"><title>El joven Telémaco</title>, M, J. Rogel, <date>1866</date></bibl>.</item>
				</list>
			</div>
			<div type="section" xml:id="d10">
				<head>Pasillo:</head>
				<list>
					<item><bibl xml:id="b8"><title>La corte del rey Reuma</title>, M, C. Oudrid, <date>1866</date></bibl>.</item>
				</list>
			</div>
			<div type="section" xml:id="d11">
				<head>Vodevil:</head>
				<list>
					<item><bibl xml:id="b9"><title>El capricho de las damas</title>, M, L. Foglietti</bibl>.</item>
				</list>
			</div>
			<div type="section" xml:id="d12">
				<head>Zarzuelas:</head>
				<list>
					<item><bibl xml:id="b10"><title>Los caballeros de la tortuga</title>, M, J. Gaztambide, <date>1867</date></bibl></item><item><bibl xml:id="b11"><title>Pablo y Virginia</title>, M, J. Rogel, <date>1867</date></bibl></item><item><bibl xml:id="b12"><title>Los progresos del amor</title>, M, E. Arrieta, <date>1868</date></bibl></item><item><bibl xml:id="b13"><title>Los timplaos</title>, M, J. Giménez, <date>1901</date></bibl></item><item><bibl xml:id="b14"><title>La molinera de Campiel</title>, M, A. Pérez Soriano, est póstumo, <date>1904</date></bibl>.</item>
				</list>
			</div>
			</div>
			<div type="ography" xml:id="d13">
				<head>BIBLIOGRAFÍA:</head>
				<list>
					<item><bibl xml:id="b15"><author>F. C. Sainz de Robles</author>: <title>Ensayo de un diccionario de la literatura. II. Escritores españoles e hispanoamericanos</title>, Madrid, Agrilar, <date>1953</date></bibl></item><item><bibl xml:id="b16"><title>Catálogo del teatro lírico español en la Biblioteca Nacional</title>, Madrid, Ministerio de Cultura, <date>1986</date></bibl></item><item><bibl xml:id="b17"><author>L. Iglesias de Souza</author>: <title>Teatro lírico español</title>, Diputación de A Coruña, <date>1991</date></bibl></item><item><bibl xml:id="b18"><author>T. Rodríguez Sánchez</author>: <title>Catálogo de dramaturgos españoles del siglo XIX</title>, Madrid, Fundación Universitaria Española, <date>1994</date></bibl>.</item>
				</list>
			</div>
			<div type="authors" xml:id="d14">
				<docAuthor><persName><forename>Mª</forename> <forename>LUZ</forename> <forename>GONZÁLEZ</forename> <surname>PEÑA</surname></persName></docAuthor>
			</div>
		</body>
	</text>
</TEI>