<?xml version="1.0" encoding="UTF-8"?>
<?xml-stylesheet type="text/css" href="http://www.rilm.info/ft/css/tei_dmeh.css"?>
<?xml-model href="../../../schematron/dmeh_sample.sch" type="application/xml" schematypens="http://purl.oclc.org/dsdl/schematron"?>
<TEI xmlns="http://www.tei-c.org/ns/1.0" xmlns:xsi="http://www.w3.org/2001/XMLSchema-instance" xsi:schemaLocation="http://www.tei-c.org/ns/1.0 http://rilm.info/ft/schema/working/tei_rilm.xsd">
	<teiHeader xml:lang="en">
		<fileDesc>
			<titleStmt>
				<title>Barrabás</title>
				<respStmt>
					<resp>Encoded by</resp>
					<orgName>Aptara, Inc.</orgName>
				</respStmt>
			</titleStmt>
			<publicationStmt>
				<publisher>Sociedad General de Autores y Editores</publisher>
				<pubPlace>Madrid</pubPlace>
				<publisher>Instituto Complutense de Ciencias Musicales</publisher>
				<pubPlace>Madrid</pubPlace>
				<distributor>Répertoire International de Littérature Musicale</distributor>
			</publicationStmt>
			<sourceDesc>
				<biblStruct>
					<monogr>
				<title>Diccionario de la música española e hispanoamericana</title>
						<editor>
							<forename/>
							<surname/>
						</editor>
						<imprint>
							<publisher>Sociedad General de Autores y Editores</publisher>
							<pubPlace>[Madrid]</pubPlace>
							<date>1999</date>
						</imprint>
						<biblScope unit="vol">4</biblScope>
						<biblScope unit="col" from="248">248</biblScope>
						<biblScope unit="col" to="249">249</biblScope>
					</monogr>
				</biblStruct>
			</sourceDesc>
		</fileDesc>
		<encodingDesc>
			<editorialDecl>
				<normalization>
					<p>Some abbrevations have been replaced by unabbrevated terms.</p>
				</normalization>
				<quotation marks="none">
					<p>No quotation marks have been used. Instead the &lt;q&gt; and &lt;quote&gt; elements are used. Single quotes are indicated with an @type attribute on those elements.</p>
				</quotation>
				<hyphenation eol="some">
					<p>End-of-line hyphenation silently removed where appropriate</p>
				</hyphenation>
			</editorialDecl>
			<appInfo>
				<application ident="oXygenXMLEditor" version="14.1" notAfter="2014-03-04">
					<label>oXygen XML Editor</label>
				</application>
			</appInfo>
		</encodingDesc>
		<profileDesc>
			<langUsage>
				<language ident="es">Spanish</language>
			</langUsage>
		</profileDesc>
		<revisionDesc>
			<listChange>
				<change when="2015-03-04" status="created"/>
			</listChange>
		</revisionDesc>
	</teiHeader>
	<text xml:id="meh00007" type="group" xml:lang="es">
		<body>
			<div type="one-section" xml:id="d1">
				<head>Barrabás.</head>
				<p xml:id="p1">España. Grupo funky surgido en 1971 en Madrid de la mano de Fernando Arbex, quien tenía desde tiempo atrás el proyecto de formar un <q>supergrupo</q> al estilo de los extranjeros de la época con intención de invadir el mercado internacional con una fuerte carga musical. El grupo estaba compuesto por José María Moll, Madrid; José Luis Tejada, Barcelona; Jorge Eduardo Maning –Koky–, Costa Rica; Armando Pelayo, Melilla, y Jesús Gordaliza –Susi–, Alcalá de Henares (Madrid). Cinco músicos meticulosamente escogidos por Fernando Arbex para hacer el producto que pretendía algo que no tardó en conseguir. El primer LP de Barrabás data de 1972, y de él sobresalen dos temas en especial: <hi rend="italic">Wild Safari</hi> y <hi rend="italic">Woman</hi>, que en muy pocos meses alcanzaron los primeros puestos en todas las listas de éxitos de España. La carrera de triunfos iniciada con este LP culminó con giras en Francia, Alemania, Estados Unidos y un flamante número uno en Canadá durante cinco semanas. Tras este gran comienzo a Barrabás se le abrieron muchos mercados y se le contrató para realizar una gira por todo el continente americano, gira que resultó todo un éxito. Pero fue su tercer álbum, <hi rend="italic">Soltad a Barrabás</hi>, el que consolidó la gran fama que el grupo llegó a tener en el continente americano. <hi rend="italic">Hi-Jack</hi> entró con fuerza en Estados Unidos, llegando a ser número uno en la lista de éxitos de la revista <hi rend="italic">Record-World</hi> y número tres en el prestigioso <hi rend="italic">Billboard</hi>. A partir de este gran tema, Barrabás se convirtió en un grupo asiduo de las listas de rythm &amp; blues y soul en Norteamérica. Era auténtico sonido negro hecho por blancos. Después de publicar otros dos discos más el grupo se disolvió, no sin antes ser considerado por la revista <hi rend="italic">Play Boy</hi> como el tercer mejor grupo del mundo en música funky. Es probable que sea el conjunto español que más ha viajado hasta la década de 1980. Editaron más de una docena de sencillos en RCA, Ariola, Columbia y CBS entre los años 1972 y 1985, así como dos LP en RCA (1972-73), cuatro con Ariola (1974-77), tres con Columbia (1980-83) y uno con CAR-CBS (1983), además de otros lanzamientos en el mercado internacional.</p>
				<p xml:id="p2">Respecto a sus miembros, José María Moll nació en Madrid y formó su primer grupo, Los Kramers, en el colegio donde estudiaba. Luego pasó a Los Tifones, a Los Escorpiones y otros hasta llegar a Barrabás. Tras la disolución de este grupo formó con su hermano lo que se llamó Moll &amp; Moll, que no funcionó bien. Comenzó a dedicarse a la producción de grupos. José Luis Tejada era la voz solista y tocaba la armónica. Comenzó en la música en 1963 en el grupo Crikets. Después entró en los No y también trabajó con Juan Pardo en un grupo que el <q>ex brinco</q> tenía y que se llamaba Gente Feliz, pero lo dejó para formar parte del grupo inglés The Food, de donde pasó a Barrabás. Tras la disolución del mismo se marchó a Londres, donde instaló un negocio. Jorge Eduardo Maning, de Costa Rica, comenzó en la música a los doce años. Formó parte de Los Hicsos, Los Gatos y otros grupos de salsa. Viajó a Europa con Columna de Fuego, recorriendo varios países, hasta que llegó a España, donde formó Banda Salsa. Entró en Barrabás como guitarra solista. Armando Pelayo, natural de Melilla, teclista en el grupo, hizo la carrera de Piano y dos cursos de órgano. Estudió durante varios años en Boston. Perteneció a Los Archiduques y a Los Tickets, con los que grabó algunos discos. Más tarde fue músico de acompañamiento con artistas como Massiel, Ángela Carrasco, Pedro María Sánchez y Sergio Facheli, hasta que comenzó a tocar con Barrabás. Jesús Gordaliza, de Alcalá de Henares, también empezó a los doce años en el mundo de la música con un grupo que se llamaba Bécquer. Después se fue a Quinta Expresión y algunos otros grupos de poca importancia hasta que formó parte de Barrabás.</p>
			</div>
			<div type="ography" xml:id="d2">
				<head><pb n="249"/>BIBLIOGRAFÍA:</head>
				<list>
					<item><bibl xml:id="b1"><author>J. Ordovás</author>: <title>Historia de la música pop española</title>, Madrid, Alianza, <date>1987</date></bibl></item><item><bibl xml:id="b2"><title rend="quoted">Historia del Rock</title>, <title>El País</title>, Madrid, Promotora de Informaciones, <date>1987</date></bibl>.</item>
				</list>
			</div>
			<div type="authors" xml:id="d3">
				<docAuthor><persName><forename>JUAN</forename> <forename>LUIS</forename> <surname>FUENTE</surname></persName></docAuthor>
			</div>
		</body>
	</text>
</TEI>